title,abstract
5.967880321196788,29.88726195145335
