title,abstract
2.239219712525667,9.872117593017915
