title,abstract
6.066898349261511,34.905289462723864
