title,abstract
5.411578051234424,30.35060305388866
