title,abstract
6.389075302380023,39.339159384103205
