title,abstract
2.038866396761134,6.958116193784984
